Goalkeeping_Rk,Goalkeeping_Player,Goalkeeping_Nation,Goalkeeping_Pos,Goalkeeping_Squad,Goalkeeping_Age,Goalkeeping_Born,Goalkeeping_Playing_Time_MP,Goalkeeping_Playing_Time_Starts,Goalkeeping_Playing_Time_Min,Goalkeeping_Playing_Time_90s,Goalkeeping_Performance_GA,Goalkeeping_Performance_GA90,Goalkeeping_Performance_SoTA,Goalkeeping_Performance_Saves,Goalkeeping_Performance_Save_Pct,Goalkeeping_Performance_W,Goalkeeping_Performance_D,Goalkeeping_Performance_L,Goalkeeping_Performance_CS,Goalkeeping_Performance_CS_Pct,Goalkeeping_Penalty_Kicks_PKatt,Goalkeeping_Penalty_Kicks_PKA,Goalkeeping_Penalty_Kicks_PKsv,Goalkeeping_Penalty_Kicks_PKm,Goalkeeping_Penalty_Kicks_Save_Pct,Goalkeeping_Matches,Goalkeeping_Player_Link,Goalkeeping_Player_ID,Advanced_Goalkeeping_Goals_FK,Advanced_Goalkeeping_Goals_CK,Advanced_Goalkeeping_Goals_OG,Advanced_Goalkeeping_Expected_PSxG,Advanced_Goalkeeping_Expected_PSxG_perSoT,Advanced_Goalkeeping_Expected_PSxG_Plus_per,Advanced_Goalkeeping_Expected_per90,Advanced_Goalkeeping_Launched_Cmp,Advanced_Goalkeeping_Launched_Att,Advanced_Goalkeeping_Launched_Cmp_Pct,Advanced_Goalkeeping_Passes_Att,Advanced_Goalkeeping_Passes_Thr,Advanced_Goalkeeping_Passes_Launch_Pct,Advanced_Goalkeeping_Passes_AvgLen,Advanced_Goalkeeping_Goal_Kicks_Att,Advanced_Goalkeeping_Goal_Kicks_Launch_Pct,Advanced_Goalkeeping_Goal_Kicks_AvgLen,Advanced_Goalkeeping_Crosses_Opp,Advanced_Goalkeeping_Crosses_Stp,Advanced_Goalkeeping_Crosses_Stp_Pct,Advanced_Goalkeeping_Sweeper_No_OPA,Advanced_Goalkeeping_Sweeper_No_OPA_per90,Advanced_Goalkeeping_Sweeper_AvgDist,League
1,Alisson,br BRA,GK,Liverpool,29,1992,37,37,3330,37.0,43,1.16,147,105,72.1,19,9,9,14,37.8,4,2,1,1,33.3,Matches,https://fbref.com/en/players/7a2e46a8/Alisson,7a2e46a8,0,0,2,51.1,0.33,+10.1,+0.27,116,283,41.0,1256,210,18.4,26.9,193,26.9,31.3,397,23,5.8,89,2.41,19.8,EPL
2,Alphonse Areola,fr FRA,GK,West Ham,29,1993,5,2,309,3.4,7,2.04,16,9,68.8,0,1,1,1,50.0,2,2,0,0,0.0,Matches,https://fbref.com/en/players/2f965a72/Alphonse-Areola,2f965a72,0,1,0,7.3,0.33,+0.3,+0.09,14,37,37.8,61,14,39.3,33.4,30,43.3,33.0,47,2,4.3,1,0.29,10.3,EPL
3,Kepa Arrizabalaga,es ESP,GK,Chelsea,27,1994,29,29,2565,28.5,33,1.16,120,90,73.3,8,9,12,9,31.0,1,1,0,0,0.0,Matches,https://fbref.com/en/players/28d596a0/Kepa-Arrizabalaga,28d596a0,1,4,3,35.0,0.29,+5.0,+0.18,68,213,31.9,864,151,17.1,26.3,182,35.7,31.5,332,15,4.5,52,1.82,16.9,EPL
4,Gavin Bazunu,ie IRL,GK,Southampton,20,2002,32,32,2880,32.0,56,1.75,120,67,54.2,6,6,20,4,12.5,2,1,1,0,50.0,Matches,https://fbref.com/en/players/c91441dc/Gavin-Bazunu,c91441dc,1,7,4,35.4,0.28,-16.6,-0.52,212,629,33.7,935,144,50.2,38.1,237,67.5,50.0,456,36,7.9,48,1.50,15.1,EPL
5,Asmir Begović,ba BIH,GK,Everton,35,1987,1,1,90,1.0,0,0.00,4,4,100.0,1,0,0,1,100.0,0,0,0,0,,Matches,https://fbref.com/en/players/7b4de647/Asmir-Begovic,7b4de647,0,0,0,0.5,0.12,+0.5,+0.49,4,13,30.8,22,5,36.4,34.9,8,62.5,46.8,23,1,4.3,0,0.00,5.0,EPL
6,Daniel Bentley,eng ENG,GK,Wolves,29,1993,2,2,180,2.0,3,1.50,13,10,76.9,0,1,1,0,0.0,0,0,0,0,,Matches,https://fbref.com/en/players/68db6358/Daniel-Bentley,68db6358,0,0,0,3.9,0.30,+0.9,+0.44,10,29,34.5,57,14,38.6,32.9,23,30.4,32.2,37,5,13.5,1,0.50,8.3,EPL
7,Martin Dúbravka,sk SVK,GK,Newcastle Utd,33,1989,2,1,157,1.7,1,0.57,9,9,88.9,0,1,0,0,0.0,0,0,0,0,,Matches,https://fbref.com/en/players/3a949a25/Martin-Dubravka,3a949a25,0,0,1,1.9,0.21,+1.9,+1.07,6,10,60.0,39,14,10.3,20.7,15,40.0,35.3,30,1,3.3,0,0.00,12.4,EPL
8,Ederson,br BRA,GK,Manchester City,28,1993,35,35,3150,35.0,32,0.91,77,46,62.3,26,4,5,11,31.4,3,3,0,0,0.0,Matches,https://fbref.com/en/players/3bb7b8b4/Ederson,3bb7b8b4,1,4,1,26.2,0.30,-4.8,-0.14,117,263,44.5,1104,147,19.6,28.0,152,30.9,32.3,286,19,6.6,33,0.94,15.7,EPL
9,Łukasz Fabiański,pl POL,GK,West Ham,37,1985,36,36,3111,34.6,48,1.39,154,106,70.1,11,6,19,8,22.2,4,2,1,1,33.3,Matches,https://fbref.com/en/players/9328b835/Lukasz-Fabianski,9328b835,0,3,1,45.9,0.28,-1.1,-0.03,198,516,38.4,677,153,54.2,39.3,249,59.8,44.8,513,29,5.7,25,0.72,13.0,EPL
10,Fraser Forster,eng ENG,GK,Tottenham,34,1988,14,13,1215,13.5,24,1.78,55,30,60.0,5,3,5,3,23.1,3,2,1,0,33.3,Matches,https://fbref.com/en/players/c3e39f12/Fraser-Forster,c3e39f12,1,4,0,21.3,0.34,-2.7,-0.20,36,124,29.0,269,71,29.0,30.2,93,49.5,37.6,193,5,2.6,16,1.19,15.2,EPL
11,David de Gea,es ESP,GK,Manchester Utd,31,1990,38,38,3420,38.0,43,1.13,142,99,71.1,23,6,9,17,44.7,3,2,1,0,33.3,Matches,https://fbref.com/en/players/7ba6d84e/David-de-Gea,7ba6d84e,2,6,1,41.3,0.27,-0.7,-0.02,141,449,31.4,1032,128,32.6,32.3,179,63.1,47.1,526,15,2.9,32,0.84,14.8,EPL
12,Vicente Guaita,es ESP,GK,Crystal Palace,35,1987,27,27,2430,27.0,34,1.26,116,84,72.4,7,9,11,6,22.2,2,2,0,0,0.0,Matches,https://fbref.com/en/players/ab13a5aa/Vicente-Guaita,ab13a5aa,0,4,2,32.4,0.26,+0.4,+0.01,115,320,35.9,635,140,34.5,32.3,206,49.0,37.4,410,26,6.3,26,0.96,13.1,EPL
13,Dean Henderson,eng ENG,GK,Nott'ham Forest,25,1997,18,18,1620,18.0,31,1.72,85,52,65.9,5,5,8,6,33.3,5,2,2,1,50.0,Matches,https://fbref.com/en/players/e5a76dfe/Dean-Henderson,e5a76dfe,1,5,0,26.9,0.28,-4.1,-0.23,108,334,32.3,513,107,47.2,38.5,156,59.0,45.3,291,20,6.9,27,1.50,15.6,EPL
14,Wayne Hennessey,wls WAL,GK,Nott'ham Forest,35,1987,4,3,271,3.0,5,1.66,14,9,64.3,0,2,1,1,33.3,0,0,0,0,,Matches,https://fbref.com/en/players/76eca7e2/Wayne-Hennessey,76eca7e2,0,1,0,3.9,0.28,-1.1,-0.36,23,58,39.7,72,13,54.2,43.2,25,76.0,54.5,35,1,2.9,2,0.66,17.0,EPL
15,Daniel Iversen,dk DEN,GK,Leicester City,25,1997,12,12,1080,12.0,22,1.83,59,38,66.1,2,4,6,1,8.3,2,2,0,0,0.0,Matches,https://fbref.com/en/players/10d221cd/Daniel-Iversen,10d221cd,2,2,1,18.9,0.29,-2.1,-0.18,38,194,19.6,261,49,47.1,37.2,114,62.3,46.2,203,16,7.9,6,0.50,10.3,EPL
16,Sam Johnstone,eng ENG,GK,Crystal Palace,29,1993,9,9,810,9.0,10,1.11,34,25,76.5,4,3,2,3,33.3,2,2,0,0,0.0,Matches,https://fbref.com/en/players/9e5708be/Sam-Johnstone,9e5708be,0,4,1,10.0,0.24,+1.0,+0.11,30,99,30.3,233,41,31.8,31.8,46,54.3,42.8,104,2,1.9,11,1.22,15.4,EPL
17,Caoimhín Kelleher,ie IRL,GK,Liverpool,23,1998,1,1,90,1.0,4,4.00,10,6,60.0,0,1,0,0,0.0,0,0,0,0,,Matches,https://fbref.com/en/players/62d7ef38/Caoimhin-Kelleher,62d7ef38,0,0,0,2.9,0.34,-1.1,-1.06,2,2,100.0,22,7,9.1,24.3,2,0.0,20.5,3,0,0.0,0,0.00,9.0,EPL
18,Bernd Leno,de GER,GK,Fulham,30,1992,36,36,3240,36.0,51,1.42,192,142,77.1,15,5,16,8,22.2,8,7,1,0,12.5,Matches,https://fbref.com/en/players/2628fd2b/Bernd-Leno,2628fd2b,1,8,2,58.0,0.27,+9.0,+0.25,124,391,31.7,1153,190,26.0,30.0,242,37.6,36.0,464,35,7.5,46,1.28,15.0,EPL
19,Hugo Lloris,fr FRA,GK,Tottenham,35,1986,25,25,2205,24.5,39,1.59,117,79,67.5,13,3,9,7,28.0,1,1,0,0,0.0,Matches,https://fbref.com/en/players/8f62b6ee/Hugo-Lloris,8f62b6ee,0,3,1,33.9,0.29,-4.1,-0.17,77,218,35.3,539,109,31.7,31.4,186,25.3,25.8,322,20,6.2,29,1.18,13.8,EPL
20,Emiliano Martínez,ar ARG,GK,Aston Villa,29,1992,36,36,3139,34.9,38,1.09,132,97,74.2,17,7,12,11,30.6,5,4,1,0,20.0,Matches,https://fbref.com/en/players/7956236f/Emiliano-Martinez,7956236f,1,6,4,36.6,0.24,+2.6,+0.07,199,523,38.0,1171,135,35.5,33.0,212,50.5,40.7,483,60,12.4,73,2.09,16.6,EPL
21,Alex McCarthy,eng ENG,GK,Southampton,32,1989,6,6,540,6.0,17,2.83,30,14,46.7,0,1,5,0,0.0,1,1,0,0,0.0,Matches,https://fbref.com/en/players/36c2ca73/Alex-McCarthy,36c2ca73,0,1,1,10.9,0.34,-5.1,-0.84,22,113,19.5,194,29,48.5,36.5,52,36.5,31.0,92,6,6.5,7,1.17,13.5,EPL
22,Edouard Mendy,sn SEN,GK,Chelsea,30,1992,10,9,855,9.5,14,1.47,39,25,64.1,3,2,4,1,11.1,0,0,0,0,,Matches,https://fbref.com/en/players/33887998/Edouard-Mendy,33887998,0,4,0,11.9,0.33,-2.1,-0.22,27,77,35.1,226,47,22.1,27.6,63,42.9,34.4,128,9,7.0,11,1.16,13.7,EPL
23,Illan Meslier,fr FRA,GK,Leeds United,22,2000,34,34,3060,34.0,67,1.97,158,92,59.5,7,9,18,5,14.7,3,3,0,0,0.0,Matches,https://fbref.com/en/players/6b625ac2/Illan-Meslier,6b625ac2,1,7,1,53.6,0.32,-12.4,-0.36,106,449,23.6,794,194,39.4,33.7,242,56.2,43.5,432,34,7.9,66,1.94,15.8,EPL
24,Keylor Navas,cr CRC,GK,Nott'ham Forest,35,1986,17,17,1529,17.0,32,1.88,83,51,66.3,4,4,9,1,5.9,4,4,0,0,0.0,Matches,https://fbref.com/en/players/ecada4fc/Keylor-Navas,ecada4fc,1,3,0,29.3,0.32,-2.7,-0.16,106,320,33.1,378,65,56.3,41.3,151,70.9,48.1,295,14,4.7,9,0.53,9.2,EPL
25,Neto,br BRA,GK,Bournemouth,33,1989,27,27,2385,26.5,39,1.47,138,100,74.6,9,6,12,6,22.2,5,4,0,1,0.0,Matches,https://fbref.com/en/players/a9dc785c/Neto,a9dc785c,0,8,1,39.7,0.26,+1.7,+0.06,160,437,36.6,601,136,47.4,37.8,231,65.8,44.6,510,35,6.9,25,0.94,12.1,EPL
26,Robin Olsen,se SWE,GK,Aston Villa,32,1990,4,2,281,3.1,8,2.56,19,11,63.2,1,0,1,1,50.0,1,1,0,0,0.0,Matches,https://fbref.com/en/players/e7ee38c3/Robin-Olsen,e7ee38c3,0,3,0,6.2,0.29,-1.8,-0.57,15,62,24.2,101,18,44.6,37.6,28,60.7,46.8,45,5,11.1,3,0.96,14.2,EPL
27,Stefan Ortega,de GER,GK,Manchester City,29,1992,3,3,270,3.0,1,0.33,15,14,93.3,2,1,0,2,66.7,0,0,0,0,,Matches,https://fbref.com/en/players/c1242d4e/Stefan-Ortega,c1242d4e,0,0,0,4.1,0.27,+3.1,+1.02,11,24,45.8,155,16,14.8,23.9,12,8.3,20.3,26,1,3.8,7,2.33,21.1,EPL
28,Jordan Pickford,eng ENG,GK,Everton,28,1994,37,37,3330,37.0,57,1.54,181,123,71.3,7,12,18,8,21.6,6,5,1,0,16.7,Matches,https://fbref.com/en/players/4806ec67/Jordan-Pickford,4806ec67,2,4,0,60.0,0.31,+3.0,+0.08,270,801,33.7,992,151,58.1,43.0,315,71.4,52.7,566,22,3.9,52,1.41,16.2,EPL
29,Nick Pope,eng ENG,GK,Newcastle Utd,30,1992,37,37,3261,36.2,32,0.88,118,85,74.6,19,13,5,14,37.8,5,2,2,1,50.0,Matches,https://fbref.com/en/players/4b40d9ca/Nick-Pope,4b40d9ca,0,8,1,31.3,0.24,+0.3,+0.01,120,368,32.6,683,232,33.1,33.0,207,68.6,50.7,411,34,8.3,74,2.04,18.2,EPL
30,Aaron Ramsdale,eng ENG,GK,Arsenal,24,1998,38,38,3420,38.0,43,1.13,136,94,70.6,26,6,6,14,36.8,5,3,0,2,0.0,Matches,https://fbref.com/en/players/466fb2c5/Aaron-Ramsdale,466fb2c5,0,6,1,40.0,0.28,-2.0,-0.05,109,429,25.4,956,174,35.4,33.3,153,59.5,49.2,381,22,5.8,43,1.13,16.1,EPL
31,David Raya,es ESP,GK,Brentford,26,1995,38,38,3420,38.0,46,1.21,197,154,77.7,15,14,9,12,31.6,2,2,0,0,0.0,Matches,https://fbref.com/en/players/98ea5115/David-Raya,98ea5115,0,9,3,48.0,0.24,+5.0,+0.13,347,882,39.3,1367,160,50.7,39.5,269,70.3,51.8,598,52,8.7,54,1.42,15.8,EPL
32,Joel Robles,es ESP,GK,Leeds United,32,1990,4,4,360,4.0,11,2.75,27,16,66.7,0,1,3,0,0.0,3,2,0,1,0.0,Matches,https://fbref.com/en/players/cda0b317/Joel-Robles,cda0b317,0,0,0,10.5,0.32,-0.5,-0.12,18,71,25.4,90,20,52.2,41.1,32,75.0,49.4,43,2,4.7,3,0.75,11.6,EPL
33,Marek Rodák,sk SVK,GK,Fulham,25,1996,2,2,180,2.0,2,1.00,4,2,50.0,0,2,0,1,50.0,0,0,0,0,,Matches,https://fbref.com/en/players/17acc2ed/Marek-Rodak,17acc2ed,0,0,0,2.0,0.51,0.0,+0.01,16,47,34.0,46,3,73.9,46.0,15,86.7,60.0,26,1,3.8,2,1.00,14.0,EPL
34,José Sá,pt POR,GK,Wolves,29,1993,36,36,3240,36.0,55,1.53,161,105,67.1,11,7,18,11,30.6,4,2,2,0,50.0,Matches,https://fbref.com/en/players/903b6e8b/Jose-Sa,903b6e8b,0,6,1,48.4,0.28,-5.6,-0.16,120,435,27.6,935,182,29.3,30.9,260,61.9,46.2,540,43,8.0,28,0.78,12.6,EPL
35,Robert Sanchez,es ESP,GK,Brighton,24,1997,23,23,2070,23.0,30,1.30,71,47,64.8,11,5,7,6,26.1,6,5,1,0,16.7,Matches,https://fbref.com/en/players/cce694d4/Robert-Sanchez,cce694d4,,,,,,,,,,,,,,,,,,,,,,,,EPL
36,Jason Steele,eng ENG,GK,Brighton,31,1990,15,15,1350,15.0,23,1.53,57,36,61.4,7,3,5,6,40.0,2,1,1,0,50.0,Matches,https://fbref.com/en/players/28300a16/Jason-Steele,28300a16,0,2,3,18.5,0.29,-1.5,-0.10,34,74,45.9,483,48,14.9,24.2,55,3.6,13.9,126,10,7.9,19,1.27,15.7,EPL
37,Mark Travers,ie IRL,GK,Bournemouth,23,1999,12,11,1035,11.5,32,2.78,66,36,54.5,2,0,9,2,18.2,2,2,0,0,0.0,Matches,https://fbref.com/en/players/fe558029/Mark-Travers,fe558029,0,8,2,24.0,0.34,-6.0,-0.52,71,154,46.1,250,54,35.6,31.9,118,55.1,43.8,229,5,2.2,5,0.43,10.5,EPL
38,Danny Ward,wls WAL,GK,Leicester City,29,1993,26,26,2340,26.0,46,1.77,119,75,63.0,7,3,16,6,23.1,3,2,1,0,33.3,Matches,https://fbref.com/en/players/d3ce0e89/Danny-Ward,d3ce0e89,2,6,4,36.5,0.29,-5.5,-0.21,94,303,31.0,750,154,29.7,30.4,190,42.1,35.1,355,20,5.6,42,1.62,15.9,EPL
39,Joseph Whitworth,eng ENG,GK,Crystal Palace,18,2004,2,2,180,2.0,5,2.50,10,5,50.0,0,0,2,0,0.0,0,0,0,0,,Matches,https://fbref.com/en/players/3f847d95/Joseph-Whitworth,3f847d95,0,0,0,2.3,0.23,-2.7,-1.33,8,27,29.6,68,8,29.4,30.1,15,46.7,36.7,25,1,4.0,3,1.50,15.4,EPL
1,Álvaro Aceves,es ESP,GK,Valladolid,19,2003,1,0,13,0.1,0,0.00,3,3,100.0,0,0,0,0,,0,0,0,0,,Matches,https://fbref.com/en/players/be6faae0/Alvaro-Aceves,be6faae0,0,0,0,0.1,0.04,+0.1,+0.90,1,2,50.0,7,3,28.6,25.7,1,0.0,24.0,1,0,0.0,2,13.85,33.0,La Liga
2,Julen Agirrezabala,es ESP,GK,Athletic Club,21,2000,8,7,675,7.5,6,0.80,19,13,68.4,1,3,3,2,28.6,0,0,0,0,,Matches,https://fbref.com/en/players/a2c1a8d3/Julen-Agirrezabala,a2c1a8d3,0,0,0,5.5,0.30,-0.5,-0.06,37,101,36.6,179,33,29.6,30.5,62,77.4,55.4,96,11,11.5,10,1.33,15.4,La Liga
3,Sergio Asenjo,es ESP,GK,Valladolid,33,1989,10,10,900,10.0,21,2.10,51,30,60.8,2,2,6,1,10.0,1,1,0,0,0.0,Matches,https://fbref.com/en/players/9f0ea33f/Sergio-Asenjo,9f0ea33f,1,0,0,16.8,0.31,-4.2,-0.42,58,162,35.8,260,46,38.8,35.8,92,66.3,51.2,166,5,3.0,17,1.70,16.1,La Liga
4,Édgar Badía,es ESP,GK,Elche,30,1992,36,36,3240,36.0,63,1.75,200,136,72.0,5,10,21,4,11.1,10,7,3,0,30.0,Matches,https://fbref.com/en/players/e4346678/Edgar-Badia,e4346678,0,4,2,69.5,0.31,+8.5,+0.24,191,422,45.3,772,166,33.8,34.2,296,54.4,41.7,574,21,3.7,20,0.56,12.7,La Liga
5,Yassine Bounou,ma MAR,GK,Sevilla,31,1991,25,25,2151,23.9,41,1.72,106,66,63.2,7,6,12,4,16.0,3,2,1,0,33.3,Matches,https://fbref.com/en/players/f6798fc3/Yassine-Bounou,f6798fc3,1,3,2,37.3,0.34,-1.7,-0.07,115,303,38.0,785,92,27.9,30.9,162,51.9,42.1,308,20,6.5,39,1.63,17.4,La Liga
6,Claudio Bravo,cl CHI,GK,Betis,39,1983,12,12,1080,12.0,9,0.75,42,33,81.0,5,5,2,4,33.3,1,1,0,0,0.0,Matches,https://fbref.com/en/players/10072610/Claudio-Bravo,10072610,0,1,0,11.0,0.24,+2.0,+0.17,75,225,33.3,288,42,51.7,39.6,101,75.2,52.5,213,4,1.9,6,0.50,12.1,La Liga
7,Juan Carlos,es ESP,GK,Girona,34,1988,10,10,900,10.0,18,1.80,43,25,62.8,2,2,6,0,0.0,2,2,0,0,0.0,Matches,https://fbref.com/en/players/688b96e3/Juan-Carlos,688b96e3,2,1,0,16.7,0.35,-1.3,-0.13,23,64,35.9,278,51,17.6,28.7,62,24.2,30.3,120,6,5.0,21,2.10,16.9,La Liga
8,Thibaut Courtois,be BEL,GK,Real Madrid,30,1992,31,31,2790,31.0,29,0.94,118,88,78.8,20,5,6,10,32.3,5,4,1,0,20.0,Matches,https://fbref.com/en/players/1840e36d/Thibaut-Courtois,1840e36d,0,1,0,29.7,0.22,+0.7,+0.02,83,214,38.8,982,194,18.4,27.7,152,21.7,29.5,366,32,8.7,40,1.29,15.4,La Liga
9,Stole Dimitrievski,mk MKD,GK,Rayo Vallecano,28,1993,37,37,3324,36.9,49,1.33,139,94,67.6,13,10,14,9,24.3,5,4,0,1,0.0,Matches,https://fbref.com/en/players/fc70e345/Stole-Dimitrievski,fc70e345,0,9,4,44.2,0.30,-0.8,-0.02,152,537,28.3,816,199,45.0,38.6,299,56.9,46.7,500,24,4.8,52,1.41,16.1,La Liga
10,Marko Dmitrović,rs SRB,GK,Sevilla,30,1992,15,13,1269,14.1,13,0.92,55,43,76.4,6,4,3,5,38.5,0,0,0,0,,Matches,https://fbref.com/en/players/ac295d9e/Marko-Dmitrovic,ac295d9e,0,2,1,12.2,0.23,+0.2,+0.02,103,326,31.6,372,44,58.1,44.0,131,84.0,62.4,216,12,5.6,10,0.71,12.2,La Liga
11,Aitor Fernández,es ESP,GK,Osasuna,31,1991,21,21,1890,21.0,19,0.90,77,59,75.3,10,5,6,8,38.1,0,0,0,0,,Matches,https://fbref.com/en/players/a01c3d54/Aitor-Fernandez,a01c3d54,0,0,1,17.7,0.24,-0.3,-0.01,191,438,43.6,615,87,50.9,41.1,174,71.8,54.2,319,14,4.4,37,1.76,16.3,La Liga
12,Álvaro Fernández,es ESP,GK,Espanyol,24,1998,11,11,990,11.0,18,1.64,50,33,64.0,3,4,4,2,18.2,0,0,0,0,,Matches,https://fbref.com/en/players/f127d782/Alvaro-Fernandez,f127d782,0,4,1,15.2,0.31,-1.8,-0.17,104,221,47.1,253,37,55.7,42.5,103,77.7,54.8,153,5,3.3,15,1.36,16.3,La Liga
13,Fernando,es ESP,GK,Almería,32,1990,37,37,3285,36.5,61,1.67,193,132,70.5,11,8,18,4,10.8,6,4,1,1,20.0,Matches,https://fbref.com/en/players/dabb2827/Fernando,dabb2827,1,4,1,60.5,0.29,+0.5,+0.01,199,557,35.7,967,211,39.1,36.9,341,52.5,42.9,614,39,6.4,26,0.71,12.4,La Liga
14,Joan García,es ESP,GK,Espanyol,21,2001,1,1,90,1.0,3,3.00,4,1,50.0,0,1,0,0,0.0,1,1,0,0,0.0,Matches,https://fbref.com/en/players/87b498b0/Joan-Garcia,87b498b0,0,0,0,1.8,0.21,-1.2,-1.16,2,6,33.3,27,4,14.8,21.7,3,66.7,47.3,16,2,12.5,1,1.00,13.0,La Liga
15,Paulo Gazzaniga,ar ARG,GK,Girona,30,1992,28,28,2520,28.0,37,1.32,125,87,73.6,11,8,9,4,14.3,6,4,1,1,20.0,Matches,https://fbref.com/en/players/63d17038/Paulo-Gazzaniga,63d17038,0,4,0,45.3,0.33,+8.3,+0.30,146,400,36.5,822,141,31.1,32.4,242,59.5,47.9,477,37,7.8,38,1.36,15.1,La Liga
16,David Gil,es ESP,GK,Cádiz,28,1994,4,4,360,4.0,5,1.25,23,18,82.6,1,1,2,1,25.0,1,1,0,0,0.0,Matches,https://fbref.com/en/players/fea23125/David-Gil,fea23125,0,1,0,6.3,0.23,+1.3,+0.32,34,94,36.2,93,15,64.5,46.4,36,94.4,65.1,56,2,3.6,4,1.00,13.6,La Liga
17,Antonio Gomis,es ESP,GK,Atlético Madrid,19,2003,1,0,6,0.1,1,15.00,1,0,0.0,0,0,0,0,,0,0,0,0,,Matches,https://fbref.com/en/players/f0f4671c/Antonio-Gomis,f0f4671c,0,0,0,0.6,0.64,-0.4,-5.35,0,3,0.0,2,0,100.0,58.5,1,100.0,94.0,3,0,0.0,0,0.00,1.0,La Liga
18,Ivo Grbić,hr CRO,GK,Atlético Madrid,26,1996,12,10,922,10.2,12,1.17,48,36,81.3,6,3,1,2,20.0,3,3,0,0,0.0,Matches,https://fbref.com/en/players/3f034750/Ivo-Grbic,3f034750,0,4,0,13.8,0.23,+1.8,+0.17,46,148,31.1,230,50,37.4,34.1,99,62.6,47.4,214,23,10.7,7,0.68,9.2,La Liga
19,Dominik Greif,sk SVK,GK,Mallorca,25,1997,1,1,90,1.0,3,3.00,8,5,62.5,0,0,1,0,0.0,0,0,0,0,,Matches,https://fbref.com/en/players/30061f53/Dominik-Greif,30061f53,0,0,0,2.2,0.28,-0.8,-0.76,19,34,55.9,23,2,87.0,54.9,15,93.3,64.5,19,2,10.5,0,0.00,4.0,La Liga
20,Sergio Herrera,es ESP,GK,Osasuna,29,1993,17,17,1530,17.0,23,1.35,71,48,69.0,5,3,9,3,17.6,4,1,1,2,50.0,Matches,https://fbref.com/en/players/a4995f48/Sergio-Herrera,a4995f48,1,3,1,21.4,0.28,-0.6,-0.04,151,351,43.0,475,58,56.0,42.7,135,63.0,48.3,215,16,7.4,20,1.18,18.5,La Liga
21,Filip Jørgensen,dk DEN,GK,Villarreal,20,2002,2,2,180,2.0,3,1.50,6,3,50.0,0,1,1,0,0.0,0,0,0,0,,Matches,https://fbref.com/en/players/0107757e/Filip-Jorgensen,0107757e,0,0,0,2.3,0.39,-0.7,-0.34,0,4,0.0,44,9,9.1,22.8,11,0.0,17.5,18,2,11.1,4,2.00,13.3,La Liga
22,Benjamin Lecomte,fr FRA,GK,Espanyol,31,1991,10,10,899,10.0,14,1.40,40,27,65.0,1,5,4,1,10.0,0,0,0,0,,Matches,https://fbref.com/en/players/2fa2a875/Benjamin-Lecomte,2fa2a875,0,2,1,10.4,0.26,-2.6,-0.26,72,160,45.0,192,25,57.3,43.1,80,62.5,47.0,146,4,2.7,11,1.10,15.3,La Liga
23,Jeremías Ledesma,ar ARG,GK,Cádiz,29,1993,34,34,3060,34.0,48,1.41,179,130,77.7,9,11,14,12,35.3,9,8,1,0,11.1,Matches,https://fbref.com/en/players/6c4776b1/Jeremias-Ledesma,6c4776b1,1,6,0,47.1,0.22,-0.9,-0.03,236,735,32.1,824,135,58.5,44.9,285,88.8,64.1,595,42,7.1,26,0.76,10.8,La Liga
24,Diego López,es ESP,GK,Rayo Vallecano,40,1981,2,1,96,1.1,4,3.75,5,1,20.0,0,0,1,0,0.0,0,0,0,0,,Matches,https://fbref.com/en/players/73683fa9/Diego-Lopez,73683fa9,0,2,0,1.7,0.33,-2.3,-2.19,2,8,25.0,21,5,28.6,30.3,8,25.0,35.3,12,0,0.0,2,1.88,17.0,La Liga
25,Andriy Lunin,ua UKR,GK,Real Madrid,23,1999,7,7,630,7.0,7,1.00,18,12,61.1,4,1,2,3,42.9,0,0,0,0,,Matches,https://fbref.com/en/players/3061e1ec/Andriy-Lunin,3061e1ec,0,1,1,4.5,0.25,-1.5,-0.21,14,27,51.9,190,36,7.9,23.3,37,32.4,35.6,54,1,1.9,11,1.57,21.7,La Liga
26,Giorgi Mamardashvili,ge GEO,GK,Valencia,21,2000,38,38,3420,38.0,45,1.18,148,105,70.9,11,9,18,7,18.4,5,2,0,3,0.0,Matches,https://fbref.com/en/players/d4b73232/Giorgi-Mamardashvili,d4b73232,0,7,2,42.9,0.28,-0.1,0.00,177,522,33.9,843,142,40.8,35.1,239,74.5,54.2,457,35,7.7,47,1.24,16.3,La Liga
27,Agustín Marchesín,ar ARG,GK,Celta Vigo,34,1988,19,19,1710,19.0,29,1.53,72,42,62.5,5,5,9,6,31.6,4,2,2,0,50.0,Matches,https://fbref.com/en/players/853b7c48/Agustin-Marchesin,853b7c48,1,4,1,20.7,0.24,-7.3,-0.38,103,267,38.6,500,75,39.8,35.3,131,51.9,42.9,253,14,5.5,25,1.32,18.1,La Liga
28,Diego Mariño,es ESP,GK,Almería,32,1990,1,0,45,0.5,2,4.00,5,3,60.0,0,0,0,0,,0,0,0,0,,Matches,https://fbref.com/en/players/d9235a45/Diego-Marino,d9235a45,0,0,0,1.4,0.28,-0.6,-1.25,2,3,66.7,3,1,33.3,35.7,5,40.0,45.6,12,0,0.0,0,0.00,7.0,La Liga
29,Jordi Masip,es ESP,GK,Valladolid,33,1989,28,28,2507,27.9,42,1.51,145,101,74.5,9,5,14,8,28.6,9,5,3,1,37.5,Matches,https://fbref.com/en/players/8fae77ea/Jordi-Masip,8fae77ea,0,0,1,45.8,0.27,+4.8,+0.17,133,389,34.2,722,121,36.8,35.9,239,51.5,41.9,396,15,3.8,14,0.50,12.7,La Liga
30,Jan Oblak,si SVN,GK,Atlético Madrid,29,1993,28,28,2492,27.7,20,0.72,79,59,75.9,17,5,6,11,39.3,2,1,0,1,0.0,Matches,https://fbref.com/en/players/ee8508c0/Jan-Oblak,ee8508c0,1,1,0,21.9,0.27,+1.9,+0.07,120,374,32.1,586,115,40.4,36.1,228,60.1,46.0,358,25,7.0,19,0.69,14.2,La Liga
31,Fernando Pacheco,es ESP,GK,Espanyol,30,1992,16,16,1440,16.0,33,2.06,88,54,67.0,4,3,9,3,18.8,5,4,1,0,20.0,Matches,https://fbref.com/en/players/97852360/Fernando-Pacheco,97852360,0,3,0,26.6,0.25,-6.4,-0.40,127,272,46.7,417,56,42.4,36.2,137,69.3,49.6,242,16,6.6,19,1.19,13.8,La Liga
32,Fernando Pacheco,es ESP,GK,Almería,30,1992,1,1,90,1.0,2,2.00,5,3,60.0,0,0,1,0,0.0,0,0,0,0,,Matches,https://fbref.com/en/players/97852360/Fernando-Pacheco,97852360,0,1,0,1.6,0.32,-0.4,-0.42,3,12,25.0,26,8,42.3,40.2,4,25.0,36.0,16,1,6.3,2,2.00,14.5,La Liga
33,Iñaki Peña,es ESP,GK,Barcelona,23,1999,2,0,73,0.8,2,2.47,4,2,50.0,0,0,0,0,,0,0,0,0,,Matches,https://fbref.com/en/players/cc1c5035/Inaki-Pena,cc1c5035,0,0,0,1.4,0.36,-0.6,-0.70,1,3,33.3,23,5,13.0,25.2,4,0.0,22.8,7,0,0.0,2,2.47,16.5,La Liga
34,Predrag Rajković,rs SRB,GK,Mallorca,26,1995,36,36,3240,36.0,40,1.11,133,92,74.4,13,8,15,12,33.3,7,6,1,0,14.3,Matches,https://fbref.com/en/players/58ad9383/Predrag-Rajkovic,58ad9383,0,3,0,39.2,0.25,-0.8,-0.02,323,786,41.1,899,125,61.8,45.4,309,74.4,54.0,608,32,5.3,19,0.53,11.7,La Liga
35,Pepe Reina,es ESP,GK,Villarreal,39,1982,22,22,1980,22.0,27,1.23,87,61,73.6,13,3,6,5,22.7,4,4,0,0,0.0,Matches,https://fbref.com/en/players/e358587b/Pepe-Reina,e358587b,0,3,1,28.9,0.29,+2.9,+0.13,64,207,30.9,736,112,22.1,28.8,118,37.3,35.7,315,15,4.8,20,0.91,14.6,La Liga
36,Álex Remiro,es ESP,GK,Real Sociedad,27,1995,38,38,3420,38.0,35,0.92,133,99,74.4,21,8,9,15,39.5,2,1,1,0,50.0,Matches,https://fbref.com/en/players/374ee424/Alex-Remiro,374ee424,1,3,2,32.8,0.24,-0.2,0.00,244,572,42.7,1090,138,39.8,35.9,216,63.9,51.3,453,18,4.0,47,1.24,15.9,La Liga
37,Leonardo Román,es ESP,GK,Mallorca,22,2000,1,1,90,1.0,0,0.00,4,4,100.0,1,0,0,1,100.0,0,0,0,0,,Matches,https://fbref.com/en/players/924ff27e/Leonardo-Roman,924ff27e,0,0,0,0.1,0.03,+0.1,+0.11,9,21,42.9,30,3,40.0,35.2,12,75.0,48.8,30,1,3.3,2,2.00,17.4,La Liga
38,Gerónimo Rulli,ar ARG,GK,Villarreal,30,1992,14,14,1260,14.0,10,0.71,56,46,82.1,6,3,5,7,50.0,0,0,0,0,,Matches,https://fbref.com/en/players/625c144a/Geronimo-Rulli,625c144a,0,1,0,12.5,0.23,+2.5,+0.18,50,119,42.0,451,70,19.3,28.8,92,34.8,37.9,215,20,9.3,21,1.50,15.5,La Liga
39,Rui Silva,pt POR,GK,Betis,28,1994,26,26,2340,26.0,32,1.23,104,73,71.2,12,4,10,9,34.6,2,2,0,0,0.0,Matches,https://fbref.com/en/players/ea83bfa6/Rui-Silva,ea83bfa6,1,6,1,32.9,0.30,+1.9,+0.07,154,410,37.6,668,107,40.7,35.6,214,64.5,47.5,369,18,4.9,37,1.42,16.6,La Liga
40,Unai Simón,es ESP,GK,Athletic Club,25,1997,31,31,2745,30.5,37,1.21,104,70,67.3,13,6,12,9,29.0,3,3,0,0,0.0,Matches,https://fbref.com/en/players/5dcf3e90/Unai-Simon,5dcf3e90,1,1,3,31.7,0.28,-2.3,-0.08,134,351,38.2,762,154,30.6,33.2,186,63.4,49.4,355,18,5.1,40,1.31,17.5,La Liga
41,David Soria,es ESP,GK,Getafe,29,1993,38,38,3420,38.0,45,1.18,166,119,75.3,10,12,16,13,34.2,8,4,4,0,50.0,Matches,https://fbref.com/en/players/8f8c6934/David-Soria,8f8c6934,0,7,2,45.5,0.23,+2.5,+0.07,409,904,45.2,782,99,75.1,49.8,347,91.4,59.8,586,36,6.1,46,1.21,15.0,La Liga
42,Marc-André ter Stegen,de GER,GK,Barcelona,30,1992,38,38,3347,37.2,18,0.48,98,83,84.7,28,4,6,26,68.4,3,3,0,0,0.0,Matches,https://fbref.com/en/players/6f51e382/Marc-Andre-ter-Stegen,6f51e382,0,2,3,23.7,0.21,+8.7,+0.23,168,335,50.1,1215,185,22.1,28.9,197,34.0,35.2,368,18,4.9,41,1.10,16.4,La Liga
43,Iván Villar,es ESP,GK,Celta Vigo,25,1997,19,19,1710,19.0,24,1.26,62,38,66.1,6,5,8,4,21.1,4,3,0,1,0.0,Matches,https://fbref.com/en/players/cde52ef5/Ivan-Villar,cde52ef5,0,6,0,22.2,0.31,-1.8,-0.09,81,239,33.9,435,96,34.7,33.8,157,56.1,44.8,256,8,3.1,14,0.74,14.2,La Liga
44,Axel Werner,ar ARG,GK,Elche,26,1996,2,2,180,2.0,4,2.00,8,4,50.0,0,0,2,0,0.0,0,0,0,0,,Matches,https://fbref.com/en/players/c0b1a6da/Axel-Werner,c0b1a6da,0,2,0,2.4,0.31,-1.6,-0.82,4,20,20.0,53,9,32.1,34.9,16,18.8,33.8,26,1,3.8,1,0.50,14.0,La Liga
1,Emil Audero,it ITA,GK,Sampdoria,25,1997,25,25,2250,25.0,39,1.56,121,82,71.9,2,6,17,4,16.0,7,5,2,0,28.6,Matches,https://fbref.com/en/players/649b01d8/Emil-Audero,649b01d8,0,4,2,32.3,0.21,-4.7,-0.19,159,441,36.1,714,104,45.8,39.1,200,57.0,44.2,356,24,6.7,23,0.92,13.9,Serie A
2,Francesco Bardi,it ITA,GK,Bologna,30,1992,1,1,90,1.0,0,0.00,4,4,100.0,1,0,0,1,100.0,0,0,0,0,,Matches,https://fbref.com/en/players/0acda699/Francesco-Bardi,0acda699,0,0,0,0.6,0.16,+0.6,+0.56,5,9,55.6,13,5,38.5,35.6,9,44.4,33.4,10,0,0.0,0,0.00,,Serie A
3,Marco Carnesecchi,it ITA,GK,Cremonese,22,2000,27,27,2430,27.0,47,1.74,153,107,70.6,4,9,14,4,14.8,2,2,0,0,0.0,Matches,https://fbref.com/en/players/8ec56e62/Marco-Carnesecchi,8ec56e62,3,7,1,44.2,0.28,-1.8,-0.07,157,523,30.0,745,135,52.2,41.4,203,66.0,53.1,402,29,7.2,29,1.07,14.1,Serie A
4,Michele Cerofolini,it ITA,GK,Fiorentina,23,1999,5,5,450,5.0,3,0.60,11,8,81.8,4,1,0,2,40.0,1,1,0,0,0.0,Matches,https://fbref.com/en/players/efdeaff3/Michele-Cerofolini,efdeaff3,0,0,0,3.4,0.22,+0.4,+0.09,24,70,34.3,167,27,34.7,33.3,28,42.9,38.1,29,1,3.4,3,0.60,13.8,Serie A
5,Andrea Consigli,it ITA,GK,Sassuolo,35,1987,35,35,3150,35.0,55,1.57,117,64,55.6,12,8,15,9,25.7,3,3,0,0,0.0,Matches,https://fbref.com/en/players/8cabdc1e/Andrea-Consigli,8cabdc1e,0,5,2,38.5,0.31,-14.5,-0.41,176,436,40.4,1140,187,30.4,33.3,285,31.2,32.5,467,28,6.0,28,0.80,14.2,Serie A
6,Alex Cordaz,it ITA,GK,Inter,39,1983,1,0,26,0.3,0,0.00,2,2,100.0,0,0,0,1,,0,0,0,0,,Matches,https://fbref.com/en/players/e66ebabb/Alex-Cordaz,e66ebabb,0,0,0,0.5,0.26,+0.5,+1.77,1,7,14.3,15,3,26.7,33.5,5,60.0,52.0,7,0,0.0,0,0.00,,Serie A
7,Alessio Cragno,it ITA,GK,Monza,28,1994,1,1,90,1.0,3,3.00,5,2,40.0,0,0,1,0,0.0,0,0,0,0,,Matches,https://fbref.com/en/players/f554e29b/Alessio-Cragno,f554e29b,0,0,0,1.7,0.35,-1.3,-1.33,2,4,50.0,25,4,12.0,22.6,6,16.7,33.3,7,0,0.0,2,2.00,25.7,Serie A
8,Michele Di Gregorio,it ITA,GK,Monza,25,1997,37,37,3330,37.0,49,1.32,167,119,72.5,14,10,13,10,27.0,3,3,0,0,0.0,Matches,https://fbref.com/en/players/4e0c8d66/Michele-Di-Gregorio,4e0c8d66,1,4,1,48.7,0.28,+0.7,+0.02,166,476,34.9,1265,236,30.4,32.2,247,37.2,34.9,541,14,2.6,32,0.86,13.4,Serie A
9,Bartłomiej Drągowski,pl POL,GK,Spezia,24,1997,34,34,2946,32.7,54,1.65,164,112,69.5,6,10,18,6,17.6,6,4,1,1,20.0,Matches,https://fbref.com/en/players/085e71a7/Bartlomiej-Dragowski,085e71a7,1,7,3,46.1,0.25,-4.9,-0.15,151,482,31.3,975,159,37.6,34.6,196,58.7,46.5,472,13,2.8,32,0.98,14.1,Serie A
10,Wladimiro Falcone,it ITA,GK,Lecce,27,1995,38,38,3420,38.0,46,1.21,156,112,73.7,8,12,18,6,15.8,6,5,1,0,16.7,Matches,https://fbref.com/en/players/9f5a610b/Wladimiro-Falcone,9f5a610b,2,6,3,43.2,0.24,+0.2,+0.01,194,721,26.9,876,143,56.8,42.1,282,79.1,53.5,534,23,4.3,42,1.11,14.1,Serie A
11,Vincenzo Fiorillo,it ITA,GK,Salernitana,32,1990,1,1,90,1.0,2,2.00,4,2,50.0,1,0,0,0,0.0,0,0,0,0,,Matches,https://fbref.com/en/players/a2565f79/Vincenzo-Fiorillo,a2565f79,0,0,0,1.9,0.49,-0.1,-0.05,7,15,46.7,19,3,57.9,37.9,5,80.0,56.2,7,1,14.3,0,0.00,6.0,Serie A
12,Pierluigi Gollini,it ITA,GK,Napoli,27,1995,4,4,360,4.0,4,1.00,16,12,75.0,2,1,1,2,50.0,0,0,0,0,,Matches,https://fbref.com/en/players/f0f7f62f/Pierluigi-Gollini,f0f7f62f,0,1,0,3.1,0.19,-0.9,-0.23,15,36,41.7,128,24,20.3,29.6,31,32.3,32.2,56,2,3.6,4,1.00,18.8,Serie A
13,Pierluigi Gollini,it ITA,GK,Fiorentina,27,1995,3,3,270,3.0,2,0.67,8,6,75.0,1,2,0,2,66.7,0,0,0,0,,Matches,https://fbref.com/en/players/f0f7f62f/Pierluigi-Gollini,f0f7f62f,0,1,0,1.7,0.21,-0.3,-0.10,13,38,34.2,115,17,27.0,32.4,11,63.6,49.3,24,1,4.2,0,0.00,9.3,Serie A
14,Samir Handanović,si SVN,GK,Inter,38,1984,14,14,1234,13.7,18,1.31,52,35,67.3,9,0,5,4,28.6,1,1,0,0,0.0,Matches,https://fbref.com/en/players/74419746/Samir-Handanovic,74419746,0,1,1,15.0,0.27,-2.0,-0.14,45,87,51.7,508,71,15.6,24.7,71,11.3,25.5,149,2,1.3,10,0.73,15.4,Serie A
15,Mike Maignan,fr FRA,GK,Milan,27,1995,22,22,1978,22.0,21,0.96,62,40,69.4,11,7,4,8,36.4,3,2,1,0,33.3,Matches,https://fbref.com/en/players/fcb38f57/Mike-Maignan,fcb38f57,1,2,0,20.3,0.28,-0.7,-0.03,76,193,39.4,725,119,22.8,29.8,85,32.9,35.1,221,15,6.8,32,1.46,17.8,Serie A
16,Federico Marchetti,it ITA,GK,Spezia,39,1983,1,0,66,0.7,2,2.73,3,1,33.3,0,0,0,0,,0,0,0,0,,Matches,https://fbref.com/en/players/f794b426/Federico-Marchetti,f794b426,0,0,0,1.5,0.48,-0.5,-0.74,2,4,50.0,10,2,10.0,24.3,8,37.5,32.4,8,0,0.0,1,1.36,22.0,Serie A
17,Luís Maximiano,pt POR,GK,Lazio,23,1999,1,1,5,0.1,,,,,,1,,,,,,,,,,Matches,https://fbref.com/en/players/3318286e/Luis-Maximiano,3318286e,,,,,,,,2,3,66.7,,1,,,,,,,,,,,19.0,Serie A
18,Alex Meret,it ITA,GK,Napoli,25,1997,34,34,3060,34.0,24,0.71,91,66,74.7,26,5,3,16,47.1,2,1,1,0,50.0,Matches,https://fbref.com/en/players/9413b19f/Alex-Meret,9413b19f,0,1,0,25.0,0.25,+1.0,+0.03,56,145,38.6,733,121,14.3,26.1,198,20.2,26.9,335,11,3.3,39,1.15,17.0,Serie A
19,Vanja Milinković-Savić,rs SRB,GK,Torino,25,1997,38,38,3420,38.0,41,1.08,136,95,73.5,14,11,13,11,28.9,6,5,0,1,0.0,Matches,https://fbref.com/en/players/9fa26bc2/Vanja-Milinkovic-Savic,9fa26bc2,0,6,0,35.8,0.23,-5.2,-0.14,285,939,30.4,1506,185,45.0,39.7,286,91.3,70.0,469,36,7.7,70,1.84,16.2,Serie A
20,Antonio Mirante,it ITA,GK,Milan,39,1983,1,0,2,0.0,0,0.00,0,0,,0,0,0,0,,0,0,0,0,,Matches,https://fbref.com/en/players/30223b33/Antonio-Mirante,30223b33,0,0,0,0.0,,0.0,0.00,0,0,,3,0,0.0,27.0,1,0.0,15.0,0,0,,0,0.00,,Serie A
21,Lorenzo Montipò,it ITA,GK,Hellas Verona,26,1996,37,37,3330,37.0,59,1.59,181,124,68.0,7,9,21,5,13.5,2,1,1,0,50.0,Matches,https://fbref.com/en/players/c1d95617/Lorenzo-Montipo,c1d95617,1,4,3,49.6,0.27,-6.4,-0.17,360,775,46.5,905,124,62.9,44.3,284,72.5,52.1,496,26,5.2,55,1.49,15.3,Serie A
22,Juan Musso,ar ARG,GK,Atalanta,28,1994,24,24,2077,23.1,27,1.17,89,64,71.9,13,4,7,7,29.2,2,2,0,0,0.0,Matches,https://fbref.com/en/players/a111cf41/Juan-Musso,a111cf41,0,3,2,21.7,0.23,-3.3,-0.14,109,276,39.5,547,152,32.5,32.1,157,62.4,48.6,253,14,5.5,24,1.04,15.6,Serie A
23,Guillermo Ochoa,mx MEX,GK,Salernitana,37,1985,20,20,1800,20.0,33,1.65,105,71,71.4,4,10,6,4,20.0,4,3,1,0,25.0,Matches,https://fbref.com/en/players/1e9bde92/Guillermo-Ochoa,1e9bde92,1,6,0,34.8,0.30,+1.8,+0.09,135,430,31.4,556,45,53.6,40.9,200,66.0,47.3,311,11,3.5,10,0.50,12.3,Serie A
24,André Onana,cm CMR,GK,Inter,26,1996,24,24,2160,24.0,24,1.00,83,61,73.5,14,3,7,8,33.3,2,2,0,0,0.0,Matches,https://fbref.com/en/players/e9c0c1b2/Andre-Onana,e9c0c1b2,0,5,2,19.3,0.21,-2.7,-0.11,105,270,38.9,875,115,25.5,29.6,152,30.9,35.4,283,15,5.3,10,0.42,12.5,Serie A
25,Rui Patrício,pt POR,GK,Roma,34,1988,35,35,3150,35.0,35,1.00,108,73,69.4,17,8,10,13,37.1,3,2,1,0,33.3,Matches,https://fbref.com/en/players/79b0d6a0/Rui-Patricio,79b0d6a0,1,4,1,27.6,0.23,-6.4,-0.18,135,328,41.2,644,121,37.6,33.6,240,35.8,34.8,402,16,4.0,25,0.71,13.8,Serie A
26,Gianluca Pegolo,it ITA,GK,Sassuolo,41,1981,2,2,180,2.0,3,1.50,6,3,66.7,0,1,1,0,0.0,1,1,0,0,0.0,Matches,https://fbref.com/en/players/f058ed1f/Gianluca-Pegolo,f058ed1f,0,0,0,3.2,0.38,+0.2,+0.12,9,18,50.0,61,10,21.3,29.7,16,31.3,28.3,28,2,7.1,0,0.00,9.0,Serie A
27,Simone Perilli,it ITA,GK,Hellas Verona,27,1995,1,1,90,1.0,0,0.00,4,4,100.0,0,1,0,1,100.0,0,0,0,0,,Matches,https://fbref.com/en/players/b9e11c1d/Simone-Perilli,b9e11c1d,0,0,0,0.8,0.19,+0.8,+0.75,6,30,20.0,21,0,81.0,57.3,13,100.0,69.8,19,1,5.3,1,1.00,12.0,Serie A
28,Mattia Perin,it ITA,GK,Juventus,29,1992,11,10,948,10.5,7,0.66,40,32,85.0,5,3,2,6,60.0,2,1,1,0,50.0,Matches,https://fbref.com/en/players/4c62d0c8/Mattia-Perin,4c62d0c8,0,1,0,11.2,0.23,+4.2,+0.39,32,107,29.9,287,54,28.6,30.8,63,39.7,35.9,154,4,2.6,11,1.04,15.7,Serie A
29,Samuele Perisan,it ITA,GK,Empoli,24,1997,7,7,630,7.0,9,1.29,24,15,62.5,1,1,5,2,28.6,0,0,0,0,,Matches,https://fbref.com/en/players/00a17eba/Samuele-Perisan,00a17eba,0,2,0,7.5,0.31,-1.5,-0.22,25,75,33.3,153,39,32.0,32.7,75,34.7,34.3,134,5,3.7,4,0.57,11.6,Serie A
30,Ivan Provedel,it ITA,GK,Lazio,28,1994,38,37,3413,37.9,30,0.79,128,99,77.3,21,8,8,21,56.8,2,1,0,1,0.0,Matches,https://fbref.com/en/players/277da414/Ivan-Provedel,277da414,0,5,1,31.4,0.25,+2.4,+0.06,158,373,42.4,1121,166,27.4,32.2,198,33.3,33.2,493,21,4.3,55,1.45,16.5,Serie A
31,Ionuț Radu,ro ROU,GK,Cremonese,25,1997,9,9,810,9.0,19,2.11,64,45,75.0,0,3,6,1,11.1,3,3,0,0,0.0,Matches,https://fbref.com/en/players/67f649be/Ionut-Radu,67f649be,0,3,0,21.0,0.29,+2.0,+0.22,38,143,26.6,265,34,41.1,37.3,67,50.7,46.3,107,6,5.6,9,1.00,14.5,Serie A
32,Nicola Ravaglia,it ITA,GK,Sampdoria,33,1988,9,9,810,9.0,23,2.56,64,41,67.2,0,3,6,0,0.0,2,2,0,0,0.0,Matches,https://fbref.com/en/players/d7a35008/Nicola-Ravaglia,d7a35008,0,3,0,17.9,0.26,-5.1,-0.57,49,145,33.8,226,45,42.5,35.6,99,49.5,37.6,155,10,6.5,1,0.11,10.5,Serie A
33,Francesco Rossi,it ITA,GK,Atalanta,31,1991,1,0,4,0.0,0,0.00,0,0,,0,0,0,0,,0,0,0,0,,Matches,https://fbref.com/en/players/7b5f516f/Francesco-Rossi,7b5f516f,0,0,0,0.0,,0.0,0.00,0,1,0.0,3,0,0.0,17.3,1,100.0,65.0,1,0,0.0,0,0.00,,Serie A
34,Alessandro Russo,it ITA,GK,Sassuolo,21,2001,1,1,90,1.0,3,3.00,7,4,57.1,0,0,1,0,0.0,0,0,0,0,,Matches,https://fbref.com/en/players/3945ac70/Alessandro-Russo,3945ac70,0,0,0,2.8,0.40,-0.2,-0.22,0,12,0.0,42,2,28.6,30.7,8,0.0,18.3,14,0,0.0,0,0.00,10.0,Serie A
35,Mouhamadou Sarr,sn SEN,GK,Cremonese,25,1997,2,2,180,2.0,3,1.50,8,5,62.5,1,0,1,1,50.0,0,0,0,0,,Matches,https://fbref.com/en/players/b959a0d1/Mouhamadou-Sarr,b959a0d1,0,1,0,2.9,0.36,-0.1,-0.05,19,38,50.0,71,12,40.8,35.7,12,75.0,53.6,18,0,0.0,1,0.50,8.6,Serie A
36,Luigi Sepe,it ITA,GK,Salernitana,31,1991,17,17,1530,17.0,27,1.59,87,57,73.6,4,5,8,3,17.6,7,4,3,0,42.9,Matches,https://fbref.com/en/players/343f753a/Luigi-Sepe,343f753a,0,0,0,30.3,0.27,+3.3,+0.20,76,274,27.7,490,84,40.6,35.9,154,48.7,41.1,222,16,7.2,13,0.76,14.2,Serie A
37,Marco Silvestri,it ITA,GK,Udinese,31,1991,38,38,3420,38.0,48,1.26,137,91,69.3,11,13,14,10,26.3,7,6,0,1,0.0,Matches,https://fbref.com/en/players/0d422df7/Marco-Silvestri,0d422df7,2,3,2,48.7,0.31,+2.7,+0.07,144,380,37.9,872,142,31.9,32.0,302,33.8,34.1,547,13,2.4,21,0.55,12.2,Serie A
38,Salvatore Sirigu,it ITA,GK,Fiorentina,35,1987,1,1,90,1.0,0,0.00,5,5,100.0,1,0,0,1,100.0,0,0,0,0,,Matches,https://fbref.com/en/players/10dc46f0/Salvatore-Sirigu,10dc46f0,0,0,0,1.0,0.19,+1.0,+0.96,6,16,37.5,30,9,40.0,37.7,8,50.0,41.8,12,0,0.0,2,2.00,26.3,Serie A
39,Łukasz Skorupski,pl POL,GK,Bologna,31,1991,37,37,3330,37.0,49,1.32,161,113,73.9,13,12,12,7,18.9,9,7,2,0,22.2,Matches,https://fbref.com/en/players/ab4449d6/Lukasz-Skorupski,ab4449d6,1,6,3,47.8,0.25,+1.8,+0.05,146,371,39.4,933,206,29.8,31.7,278,33.5,33.0,492,29,5.9,24,0.65,12.9,Serie A
40,Marco Sportiello,it ITA,GK,Atalanta,30,1992,15,14,1339,14.9,21,1.41,64,43,68.8,6,3,5,2,14.3,1,1,0,0,0.0,Matches,https://fbref.com/en/players/ac4003af/Marco-Sportiello,ac4003af,1,2,0,19.6,0.29,-1.4,-0.10,52,148,35.1,346,85,20.5,28.8,116,66.4,49.7,200,18,9.0,18,1.21,15.0,Serie A
41,Mile Svilar,rs SRB,GK,Roma,22,1999,3,3,270,3.0,3,1.00,10,7,70.0,1,1,1,1,33.3,0,0,0,0,,Matches,https://fbref.com/en/players/bcf5058a/Mile-Svilar,bcf5058a,0,0,0,2.9,0.29,-0.1,-0.03,16,44,36.4,61,13,50.8,41.4,16,81.3,60.1,42,6,14.3,4,1.33,12.1,Serie A
42,Wojciech Szczęsny,pl POL,GK,Juventus,32,1990,28,28,2472,27.5,26,0.95,93,67,75.3,17,3,8,14,50.0,3,3,0,0,0.0,Matches,https://fbref.com/en/players/01b8a2b2/Wojciech-Szczesny,01b8a2b2,0,5,0,26.0,0.25,0.0,0.00,128,270,47.4,634,128,32.2,33.5,153,43.1,38.3,389,11,2.8,21,0.76,14.7,Serie A
43,Ciprian Tătărușanu,ro ROU,GK,Milan,36,1986,16,16,1440,16.0,22,1.37,61,40,67.2,9,3,4,4,25.0,2,2,0,0,0.0,Matches,https://fbref.com/en/players/b056e3da/Ciprian-Tatarusanu,b056e3da,2,4,1,16.8,0.25,-4.2,-0.26,94,195,48.2,473,75,32.1,32.9,83,51.8,41.8,195,9,4.6,13,0.81,14.4,Serie A
44,Pietro Terracciano,it ITA,GK,Fiorentina,32,1990,29,29,2610,29.0,38,1.31,96,59,66.7,9,8,12,5,17.2,7,6,1,0,14.3,Matches,https://fbref.com/en/players/e1b0a70d/Pietro-Terracciano,e1b0a70d,0,3,2,33.1,0.28,-2.9,-0.10,155,375,41.3,871,113,32.7,33.2,198,45.5,40.5,271,12,4.4,55,1.90,18.4,Serie A
45,Martin Turk,si SVN,GK,Sampdoria,18,2003,4,4,360,4.0,9,2.25,30,21,73.3,1,1,2,0,0.0,2,1,0,1,0.0,Matches,https://fbref.com/en/players/14ae023f/Martin-Turk,14ae023f,0,3,0,8.0,0.26,-1.0,-0.25,35,78,44.9,99,15,41.4,35.1,43,86.0,56.3,60,0,0.0,2,0.50,12.3,Serie A
46,Samir Ujkani,xk KVX,GK,Empoli,34,1988,1,0,7,0.1,1,12.86,1,0,0.0,0,0,0,0,,0,0,0,0,,Matches,https://fbref.com/en/players/96640846/Samir-Ujkani,96640846,0,0,0,0.2,0.25,-0.8,-9.69,0,0,,2,1,0.0,18.5,1,0.0,27.0,1,0,0.0,0,0.00,,Serie A
47,Guglielmo Vicario,it ITA,GK,Empoli,25,1996,31,31,2783,30.9,39,1.26,134,95,73.9,9,12,10,7,22.6,6,4,1,1,20.0,Matches,https://fbref.com/en/players/77d6fd4d/Guglielmo-Vicario,77d6fd4d,0,8,1,40.9,0.27,+2.9,+0.09,138,455,30.3,1106,151,33.5,33.8,170,50.0,42.9,606,34,5.6,22,0.71,11.5,Serie A
48,Jeroen Zoet,nl NED,GK,Spezia,31,1991,5,4,334,3.7,4,1.08,13,9,76.9,0,3,1,0,0.0,1,1,0,0,0.0,Matches,https://fbref.com/en/players/cc1a0c57/Jeroen-Zoet,cc1a0c57,0,1,0,2.8,0.14,-1.2,-0.31,25,78,32.1,110,13,54.5,39.0,23,78.3,58.4,62,4,6.5,6,1.61,14.7,Serie A
49,Petar Zovko,ba BIH,GK,Spezia,20,2002,1,0,74,0.8,2,2.43,3,1,33.3,0,0,0,0,,0,0,0,0,,Matches,https://fbref.com/en/players/54f6afe3/Petar-Zovko,54f6afe3,0,0,0,1.7,0.55,-0.3,-0.42,7,21,33.3,23,3,47.8,35.1,13,76.9,51.1,24,1,4.2,2,2.47,17.0,Serie A
1,Doğan Alemdar,tr TUR,GK,Rennes,19,2002,6,4,406,4.5,8,1.77,16,7,56.3,2,0,2,1,25.0,2,1,1,0,50.0,Matches,https://fbref.com/en/players/9e17ccff/Dogan-Alemdar,9e17ccff,0,2,0,6.5,0.29,-1.5,-0.32,23,67,34.3,109,14,38.5,33.0,35,71.4,51.4,75,5,6.7,5,1.11,14.8,Ligue 1
2,Paul Bernardoni,fr FRA,GK,Angers,25,1997,27,27,2430,27.0,62,2.30,143,84,62.2,1,5,21,3,11.1,9,8,0,1,0.0,Matches,https://fbref.com/en/players/28dabd43/Paul-Bernardoni,28dabd43,1,6,3,51.4,0.31,-7.6,-0.28,94,291,32.3,479,124,39.5,34.6,185,55.1,42.6,357,21,5.9,18,0.67,11.4,Ligue 1
3,Marco Bizot,nl NED,GK,Brest,31,1991,37,37,3330,37.0,54,1.46,176,122,73.3,11,10,16,8,21.6,9,7,2,0,22.2,Matches,https://fbref.com/en/players/3d214e5f/Marco-Bizot,3d214e5f,1,11,2,54.9,0.26,+2.9,+0.08,198,477,41.5,806,163,38.2,35.5,289,58.5,43.9,520,30,5.8,25,0.68,11.6,Ligue 1
4,Rubén Blanco,es ESP,GK,Marseille,27,1995,6,6,495,5.5,6,1.09,19,15,68.4,1,3,2,0,0.0,0,0,0,0,,Matches,https://fbref.com/en/players/967f34d3/Ruben-Blanco,967f34d3,0,1,2,3.9,0.20,-0.1,-0.02,11,47,23.4,165,31,20.6,27.4,41,31.7,32.1,73,3,4.1,7,1.27,17.9,Ligue 1
5,Joaquín Blázquez,ar ARG,GK,Brest,21,2001,1,1,90,1.0,0,0.00,3,3,100.0,0,1,0,1,100.0,0,0,0,0,,Matches,https://fbref.com/en/players/6a9e4913/Joaquin-Blazquez,6a9e4913,0,0,0,0.2,0.06,+0.2,+0.17,8,13,61.5,18,3,61.1,45.7,11,18.2,26.3,11,2,18.2,0,0.00,3.5,Ligue 1
6,Marcin Bułka,pl POL,GK,Nice,22,1999,2,2,180,2.0,2,1.00,6,4,66.7,0,1,1,0,0.0,0,0,0,0,,Matches,https://fbref.com/en/players/db87a2c4/Marcin-Bulka,db87a2c4,0,0,0,3.1,0.52,+1.1,+0.56,8,20,40.0,49,11,20.4,28.1,18,55.6,44.2,26,2,7.7,3,1.50,13.8,Ligue 1
7,Matis Carvalho,pt POR,GK,Montpellier,23,1999,2,1,136,1.5,3,1.99,8,5,62.5,0,0,1,1,100.0,0,0,0,0,,Matches,https://fbref.com/en/players/8608f269/Matis-Carvalho,8608f269,0,0,0,1.9,0.24,-1.1,-0.70,14,43,32.6,38,4,78.9,49.4,14,92.9,61.4,38,2,5.3,0,0.00,8.3,Ligue 1
8,Leonardo César Jardim,br BRA,GK,Lille,27,1995,6,6,540,6.0,13,2.17,15,4,26.7,3,1,2,0,0.0,2,2,0,0,0.0,Matches,https://fbref.com/en/players/f5dfc256/Leonardo-Cesar-Jardim,f5dfc256,,,,,,,,,,,,,,,,,,,,,,,,Ligue 1
9,Lucas Chevalier,fr FRA,GK,Lille,20,2001,32,32,2880,32.0,31,0.97,105,76,72.4,16,9,7,10,31.3,3,2,1,0,33.3,Matches,https://fbref.com/en/players/b3d76d84/Lucas-Chevalier,b3d76d84,2,1,3,30.5,0.27,+2.5,+0.08,76,282,27.0,903,121,26.2,29.4,105,42.9,37.2,317,22,6.9,25,0.78,13.5,Ligue 1
10,Benoît Costil,fr FRA,GK,Auxerre,35,1987,19,19,1710,19.0,41,2.16,96,55,60.4,3,4,12,2,10.5,3,3,0,0,0.0,Matches,https://fbref.com/en/players/2434f24a/Benoit-Costil,2434f24a,0,3,0,34.0,0.33,-7.0,-0.37,132,292,45.2,454,72,41.9,36.8,137,74.5,51.7,285,3,1.1,11,0.58,13.1,Ligue 1
11,Rémy Descamps,fr FRA,GK,Nantes,26,1996,1,1,90,1.0,1,1.00,6,5,83.3,0,1,0,0,0.0,0,0,0,0,,Matches,https://fbref.com/en/players/477e50ce/Remy-Descamps,477e50ce,0,0,0,1.5,0.25,+0.5,+0.48,5,9,55.6,20,9,25.0,33.2,6,66.7,46.5,11,1,9.1,0,0.00,7.0,Ligue 1
12,Mory Diaw,sn SEN,GK,Clermont Foot,29,1993,37,37,3330,37.0,47,1.27,161,110,75.8,17,8,12,10,27.0,12,8,4,0,33.3,Matches,https://fbref.com/en/players/f41a69e6/Mory-Diaw,f41a69e6,0,5,0,55.4,0.28,+8.4,+0.23,235,601,39.1,1209,173,40.0,37.0,255,45.9,40.4,464,34,7.3,25,0.68,11.5,Ligue 1
13,Yehvann Diouf,fr FRA,GK,Reims,22,1999,31,31,2790,31.0,31,1.00,137,107,78.1,11,12,8,14,45.2,1,1,0,0,0.0,Matches,https://fbref.com/en/players/eedea60b/Yehvann-Diouf,eedea60b,2,2,1,37.0,0.27,+7.0,+0.22,136,308,44.2,874,191,28.3,31.8,185,33.0,34.3,430,40,9.3,35,1.13,12.7,Ligue 1
14,Ouparine Djoco,sn SEN,GK,Clermont Foot,24,1998,1,1,90,1.0,2,2.00,3,1,33.3,0,0,1,0,0.0,0,0,0,0,,Matches,https://fbref.com/en/players/62124972/Ouparine-Djoco,62124972,0,0,0,1.0,0.34,-1.0,-0.97,3,17,17.6,30,4,40.0,33.6,10,50.0,31.7,14,1,7.1,5,5.00,21.3,Ligue 1
15,Gianluigi Donnarumma,it ITA,GK,Paris S-G,23,1999,38,38,3409,37.9,40,1.06,160,120,76.3,27,4,7,13,34.2,5,2,1,2,33.3,Matches,https://fbref.com/en/players/08f5afaa/Gianluigi-Donnarumma,08f5afaa,1,3,1,43.3,0.26,+4.3,+0.11,54,148,36.5,728,167,15.0,23.9,207,18.8,24.1,436,33,7.6,27,0.71,12.1,Ligue 1
16,Maxime Dupé,fr FRA,GK,Toulouse,29,1993,38,38,3420,38.0,57,1.50,179,122,70.4,13,9,16,9,23.7,7,4,3,0,42.9,Matches,https://fbref.com/en/players/0e12089d/Maxime-Dupe,0e12089d,2,8,3,54.2,0.28,+0.2,+0.01,136,363,37.5,1006,176,24.4,29.5,264,44.7,37.2,517,30,5.8,21,0.55,10.1,Ligue 1
17,Yahia Fofana,fr FRA,GK,Angers,21,2000,11,11,990,11.0,19,1.73,54,35,66.7,3,1,7,1,9.1,2,1,1,0,50.0,Matches,https://fbref.com/en/players/9d420dad/Yahia-Fofana,9d420dad,0,3,1,16.4,0.27,-1.6,-0.14,33,125,26.4,256,70,35.2,33.6,69,50.7,41.7,143,17,11.9,9,0.82,11.8,Ligue 1
18,Gauthier Gallon,fr FRA,GK,Troyes,29,1993,30,30,2667,29.6,65,2.19,177,114,66.1,3,9,18,0,0.0,5,5,0,0,0.0,Matches,https://fbref.com/en/players/db3164e1/Gauthier-Gallon,db3164e1,0,8,2,54.9,0.29,-8.1,-0.27,107,391,27.4,707,144,35.2,33.2,241,58.9,44.4,496,33,6.7,9,0.30,8.8,Ligue 1
19,Bingourou Kamara,sn SEN,GK,Montpellier,25,1996,5,4,408,4.5,11,2.43,25,13,60.0,0,1,3,0,0.0,3,1,1,1,50.0,Matches,https://fbref.com/en/players/3814120d/Bingourou-Kamara,3814120d,0,2,0,9.1,0.29,-1.9,-0.41,18,57,31.6,95,19,42.1,35.4,35,48.6,39.9,52,3,5.8,2,0.44,11.2,Ligue 1
20,Alban Lafont,fr FRA,GK,Nantes,23,1999,37,37,3329,37.0,54,1.46,179,129,74.9,7,14,16,11,29.7,9,9,0,0,0.0,Matches,https://fbref.com/en/players/4e7db402/Alban-Lafont,4e7db402,1,6,4,54.8,0.26,+4.8,+0.13,189,516,36.6,942,202,37.2,35.5,247,67.2,49.3,493,42,8.5,39,1.05,12.3,Ligue 1
21,Jean-Louis Leca,fr FRA,GK,Lens,36,1985,1,1,90,1.0,1,1.00,4,3,75.0,1,0,0,0,0.0,0,0,0,0,,Matches,https://fbref.com/en/players/edbe46dc/Jean-Louis-Leca,edbe46dc,0,0,0,1.6,0.40,+0.6,+0.60,9,14,64.3,29,5,44.8,36.8,10,10.0,20.4,20,1,5.0,0,0.00,8.2,Ligue 1
22,Benjamin Lecomte,fr FRA,GK,Montpellier,31,1991,19,19,1710,19.0,22,1.16,96,72,79.2,10,3,6,8,42.1,4,2,2,0,50.0,Matches,https://fbref.com/en/players/2fa2a875/Benjamin-Lecomte,2fa2a875,0,2,0,29.5,0.29,+7.5,+0.40,116,322,36.0,475,72,46.9,37.8,165,60.0,44.2,273,15,5.5,13,0.68,10.8,Ligue 1
23,Donovan Léon,gf GUF,GK,Auxerre,29,1992,2,2,180,2.0,2,1.00,11,9,90.9,1,1,0,0,0.0,1,1,0,0,0.0,Matches,https://fbref.com/en/players/51c83a90/Donovan-Leon,51c83a90,0,0,0,1.9,0.13,-0.1,-0.03,19,57,33.3,55,8,63.6,46.4,24,91.7,66.1,41,0,0.0,2,1.00,12.9,Ligue 1
24,Benjamin Leroy,fr FRA,GK,Ajaccio,33,1989,32,32,2798,31.1,60,1.93,133,74,60.9,6,4,22,4,12.5,9,8,0,1,0.0,Matches,https://fbref.com/en/players/1e7aea56/Benjamin-Leroy,1e7aea56,1,10,1,47.7,0.30,-11.3,-0.36,213,522,40.8,657,77,52.4,38.5,212,84.0,52.1,389,18,4.6,54,1.74,16.9,Ligue 1
25,Alexandre Letellier,fr FRA,GK,Paris S-G,31,1990,1,0,11,0.1,0,0.00,0,0,,0,0,0,0,,0,0,0,0,,Matches,https://fbref.com/en/players/96fcd380/Alexandre-Letellier,96fcd380,0,0,0,0.0,,0.0,0.00,0,0,,3,0,0.0,19.0,1,0.0,11.0,1,0,0.0,0,0.00,,Ligue 1
26,Mateusz Lis,pl POL,GK,Troyes,25,1997,9,8,751,8.3,16,1.92,51,34,72.5,1,3,4,1,12.5,3,2,1,0,33.3,Matches,https://fbref.com/en/players/fd78b105/Mateusz-Lis,fd78b105,0,2,0,16.4,0.28,+0.4,+0.05,39,127,30.7,235,41,38.7,35.2,78,46.2,37.4,154,12,7.8,13,1.56,14.4,Ligue 1
27,Anthony Lopes,pt POR,GK,Lyon,31,1990,32,32,2816,31.3,39,1.25,131,94,75.6,16,4,12,7,21.9,7,7,0,0,0.0,Matches,https://fbref.com/en/players/f00de885/Anthony-Lopes,f00de885,2,5,2,41.4,0.27,+4.4,+0.14,114,317,36.0,838,134,31.3,31.9,183,30.1,31.8,358,19,5.3,25,0.80,13.9,Ligue 1
28,Pau López,es ESP,GK,Marseille,27,1994,33,32,2925,32.5,34,1.05,123,90,76.4,21,4,7,10,31.3,5,5,0,0,0.0,Matches,https://fbref.com/en/players/20b9f052/Pau-Lopez,20b9f052,0,6,1,33.8,0.24,+0.8,+0.02,112,324,34.6,941,132,25.1,31.0,172,51.2,40.4,370,22,5.9,37,1.14,15.4,Ligue 1
29,Steve Mandanda,fr FRA,GK,Rennes,37,1985,34,34,3014,33.5,31,0.93,110,79,73.6,19,5,10,12,35.3,3,2,1,0,33.3,Matches,https://fbref.com/en/players/1d2d5cc8/Steve-Mandanda,1d2d5cc8,0,5,1,32.4,0.28,+2.4,+0.07,163,420,38.8,1022,166,30.6,31.5,192,55.7,41.5,382,35,9.2,51,1.52,16.7,Ligue 1
30,Vito Mannone,it ITA,GK,Lorient,34,1988,18,17,1608,17.9,24,1.34,84,60,72.6,4,6,7,5,29.4,1,1,0,0,0.0,Matches,https://fbref.com/en/players/c4173f1a/Vito-Mannone,c4173f1a,2,2,0,25.2,0.29,+1.2,+0.07,56,176,31.8,471,101,25.9,29.5,112,48.2,37.5,344,12,3.5,9,0.50,10.6,Ligue 1
31,Yvon Mvogo,ch SUI,GK,Lorient,28,1994,21,21,1812,20.1,29,1.44,98,70,71.4,11,4,6,3,14.3,1,1,0,0,0.0,Matches,https://fbref.com/en/players/dc29b608/Yvon-Mvogo,dc29b608,0,4,1,27.1,0.27,-0.9,-0.04,86,228,37.7,473,85,34.0,32.1,145,46.2,36.6,381,21,5.5,7,0.35,8.5,Ligue 1
32,Alexander Nübel,de GER,GK,Monaco,25,1996,38,38,3420,38.0,58,1.53,195,140,72.8,19,8,11,9,23.7,5,5,0,0,0.0,Matches,https://fbref.com/en/players/afb0c500/Alexander-Nubel,afb0c500,1,4,3,49.5,0.24,-5.5,-0.14,189,445,42.5,875,203,32.2,32.8,266,61.3,45.6,454,36,7.9,33,0.87,12.7,Ligue 1
33,Jonas Omlin,ch SUI,GK,Montpellier,28,1994,14,14,1166,13.0,26,2.01,73,48,68.5,5,1,8,2,14.3,4,3,1,0,25.0,Matches,https://fbref.com/en/players/c631f952/Jonas-Omlin,c631f952,0,2,2,24.1,0.28,+0.1,0.00,53,161,32.9,330,77,32.1,31.7,85,64.7,47.3,209,14,6.7,12,0.93,12.0,Ligue 1
34,Patrick Pentz,at AUT,GK,Reims,25,1997,7,7,630,7.0,14,2.00,29,16,58.6,1,3,3,0,0.0,2,2,0,0,0.0,Matches,https://fbref.com/en/players/0810b6df/Patrick-Pentz,0810b6df,0,2,1,11.9,0.34,-1.1,-0.16,29,94,30.9,152,25,44.7,36.3,59,44.1,38.7,103,8,7.8,4,0.57,12.2,Ligue 1
35,Ghjuvanni Quilichini,fr FRA,GK,Ajaccio,19,2002,1,0,82,0.9,0,0.00,4,4,100.0,0,0,0,1,,0,0,0,0,,Matches,https://fbref.com/en/players/1b729a98/Ghjuvanni-Quilichini,1b729a98,0,0,0,0.8,0.24,+0.8,+0.93,6,24,25.0,26,2,61.5,43.8,8,100.0,61.0,25,2,8.0,0,0.00,7.5,Ligue 1
36,Ionuț Radu,ro ROU,GK,Auxerre,25,1997,17,17,1530,17.0,20,1.18,74,53,73.0,4,6,7,5,29.4,2,0,2,0,100.0,Matches,https://fbref.com/en/players/67f649be/Ionut-Radu,67f649be,0,0,1,21.9,0.27,+2.9,+0.17,117,349,33.5,469,65,52.9,41.3,128,78.9,53.1,273,14,5.1,13,0.76,12.9,Ligue 1
37,Rémy Riou,fr FRA,GK,Lyon,34,1987,7,6,601,6.7,8,1.20,24,17,83.3,2,4,0,1,16.7,4,4,0,0,0.0,Matches,https://fbref.com/en/players/7f41ee30/Remy-Riou,7f41ee30,0,0,1,8.8,0.20,+1.8,+0.27,12,49,24.5,178,30,22.5,28.7,47,19.1,26.0,78,6,7.7,10,1.50,17.2,Ligue 1
38,Brice Samba,fr FRA,GK,Lens,28,1994,37,37,3330,37.0,28,0.76,125,98,80.0,24,9,4,15,40.5,3,3,0,0,0.0,Matches,https://fbref.com/en/players/60d90c55/Brice-Samba,60d90c55,0,6,1,32.4,0.24,+5.4,+0.15,174,435,40.0,1075,140,35.5,33.3,160,33.1,32.7,384,34,8.9,41,1.11,15.4,Ligue 1
39,Kasper Schmeichel,dk DEN,GK,Nice,35,1986,36,36,3240,36.0,35,0.97,141,105,77.3,15,12,9,11,30.6,5,3,1,1,25.0,Matches,https://fbref.com/en/players/53af52f3/Kasper-Schmeichel,53af52f3,2,5,0,35.9,0.23,+0.9,+0.02,170,388,43.8,909,119,30.7,32.7,278,39.2,35.7,455,24,5.3,23,0.64,12.9,Ligue 1
40,Matz Sels,be BEL,GK,Strasbourg,30,1992,38,38,3420,38.0,59,1.55,174,115,71.8,9,13,16,6,15.8,11,10,0,1,0.0,Matches,https://fbref.com/en/players/834b5c4c/Matz-Sels,834b5c4c,1,6,0,56.5,0.27,-2.5,-0.06,159,455,34.9,775,130,44.8,36.9,196,55.1,43.9,504,31,6.2,32,0.84,12.8,Ligue 1
41,François-Joseph Sollacaro,fr FRA,GK,Ajaccio,28,1994,6,6,540,6.0,14,2.33,24,11,45.8,1,1,4,1,16.7,1,1,0,0,0.0,Matches,https://fbref.com/en/players/f19f32b1/Francois-Joseph-Sollacaro,f19f32b1,0,1,1,9.1,0.34,-3.9,-0.65,19,87,21.8,102,11,56.9,40.7,40,72.5,48.2,93,6,6.5,6,1.00,11.5,Ligue 1
1,Oliver Baumann,de GER,GK,Hoffenheim,32,1990,34,34,3060,34.0,57,1.68,161,105,65.8,10,6,18,5,14.7,3,2,0,1,0.0,Matches,https://fbref.com/en/players/47064058/Oliver-Baumann,47064058,1,11,1,50.4,0.31,-5.6,-0.16,206,525,39.2,1164,168,35.3,33.6,249,45.8,39.3,529,43,8.1,43,1.26,13.4,Bundesliga
2,Janis Blaswich,de GER,GK,RB Leipzig,31,1991,26,26,2340,26.0,29,1.12,75,45,69.3,16,4,6,7,26.9,7,6,1,0,14.3,Matches,https://fbref.com/en/players/663e080e/Janis-Blaswich,663e080e,0,2,0,26.9,0.27,-2.1,-0.08,59,189,31.2,985,126,14.9,25.3,156,26.9,30.0,288,20,6.9,39,1.50,17.0,Bundesliga
3,Fabian Bredlow,de GER,GK,Stuttgart,27,1995,15,15,1350,15.0,23,1.53,59,37,69.5,4,5,6,1,6.7,5,5,0,0,0.0,Matches,https://fbref.com/en/players/d28339cb/Fabian-Bredlow,d28339cb,0,3,1,20.1,0.26,-1.9,-0.13,55,129,42.6,503,86,20.3,27.6,91,29.7,33.5,203,12,5.9,15,1.00,15.2,Bundesliga
4,Koen Casteels,be BEL,GK,Wolfsburg,30,1992,34,34,3060,34.0,48,1.41,147,101,70.1,13,10,11,12,35.3,7,4,1,2,20.0,Matches,https://fbref.com/en/players/db401046/Koen-Casteels,db401046,0,5,3,43.9,0.27,-1.1,-0.03,257,588,43.7,1326,183,33.3,33.7,258,57.0,47.5,489,29,5.9,51,1.50,16.5,Bundesliga
5,Oliver Christensen,dk DEN,GK,Hertha BSC,23,1999,33,33,2970,33.0,68,2.06,163,94,61.3,6,8,19,3,9.1,6,5,1,0,16.7,Matches,https://fbref.com/en/players/af104654/Oliver-Christensen,af104654,4,8,0,57.9,0.33,-10.1,-0.31,204,586,34.8,977,166,42.5,35.9,235,72.8,54.3,486,33,6.8,70,2.12,18.8,Bundesliga
6,Finn Dahmen,de GER,GK,Mainz 05,24,1998,8,8,720,8.0,16,2.00,44,26,65.9,3,2,3,0,0.0,3,1,2,0,66.7,Matches,https://fbref.com/en/players/dee3013b/Finn-Dahmen,dee3013b,0,3,0,13.5,0.25,-2.5,-0.32,48,139,34.5,226,38,42.9,36.6,54,77.8,54.5,158,17,10.8,8,1.00,13.8,Bundesliga
7,Tjark Ernst,de GER,GK,Hertha BSC,19,2003,1,1,90,1.0,1,1.00,7,6,85.7,1,0,0,0,0.0,0,0,0,0,,Matches,https://fbref.com/en/players/3f6c3ae0/Tjark-Ernst,3f6c3ae0,0,0,0,2.5,0.36,+1.5,+1.52,5,13,38.5,22,6,27.3,31.2,13,53.8,43.1,18,0,0.0,0,0.00,3.5,Bundesliga
8,Ralf Fährmann,de GER,GK,Schalke 04,33,1988,12,12,1025,11.4,13,1.14,55,43,78.2,3,6,3,5,41.7,2,1,0,1,0.0,Matches,https://fbref.com/en/players/1e43fad8/Ralf-Fahrmann,1e43fad8,0,1,1,12.4,0.21,+0.4,+0.04,99,217,45.6,358,50,45.0,36.8,83,67.5,48.9,162,11,6.8,9,0.79,11.6,Bundesliga
9,Mark Flekken,nl NED,GK,Freiburg,29,1993,34,34,3060,34.0,44,1.29,150,106,74.0,17,8,9,13,38.2,6,5,0,1,0.0,Matches,https://fbref.com/en/players/a92ab7be/Mark-Flekken,a92ab7be,0,4,0,46.4,0.28,+2.4,+0.07,271,665,40.8,1231,121,40.2,37.6,231,73.6,58.0,434,32,7.4,43,1.26,15.0,Bundesliga
10,Rafał Gikiewicz,pl POL,GK,Augsburg,34,1987,23,23,2070,23.0,41,1.78,136,93,70.6,8,3,12,5,21.7,4,1,2,1,66.7,Matches,https://fbref.com/en/players/17376543/Rafal-Gikiewicz,17376543,1,4,0,41.3,0.28,+0.3,+0.01,185,452,40.9,916,127,33.3,33.0,234,62.8,48.9,363,21,5.8,45,1.96,16.7,Bundesliga
11,Lennart Grill,de GER,GK,Union Berlin,23,1999,5,5,450,5.0,11,2.20,25,14,64.0,2,1,2,2,40.0,2,2,0,0,0.0,Matches,https://fbref.com/en/players/37998008/Lennart-Grill,37998008,0,1,0,9.0,0.28,-2.0,-0.41,48,108,44.4,197,28,48.2,37.1,17,76.5,55.2,47,8,17.0,7,1.40,15.1,Bundesliga
12,Péter Gulácsi,hu HUN,GK,RB Leipzig,32,1990,6,6,540,6.0,10,1.67,26,17,65.4,2,2,2,2,33.3,1,1,0,0,0.0,Matches,https://fbref.com/en/players/bcb2ccd8/Peter-Gulacsi,bcb2ccd8,0,2,1,10.1,0.37,+1.1,+0.19,11,37,29.7,179,37,15.6,26.4,36,25.0,29.6,61,3,4.9,10,1.67,19.4,Bundesliga
13,Lukáš Hrádecký,fi FIN,GK,Leverkusen,32,1989,33,33,2969,33.0,47,1.42,142,97,71.8,14,8,11,9,27.3,7,7,0,0,0.0,Matches,https://fbref.com/en/players/ad3389d5/Lukas-Hradecky,ad3389d5,1,5,2,41.3,0.25,-3.7,-0.11,117,373,31.4,899,148,31.3,32.0,202,45.5,38.7,404,27,6.7,26,0.79,14.1,Bundesliga
14,Gregor Kobel,ch SUI,GK,Dortmund,24,1997,27,27,2430,27.0,32,1.19,119,88,73.9,19,3,5,11,40.7,1,1,0,0,0.0,Matches,https://fbref.com/en/players/cd59b9df/Gregor-Kobel,cd59b9df,0,5,1,33.8,0.29,+2.8,+0.10,100,252,39.7,855,122,20.9,28.9,192,38.0,36.5,295,15,5.1,37,1.37,17.1,Bundesliga
15,Tomáš Koubek,cz CZE,GK,Augsburg,29,1992,11,11,990,11.0,22,2.00,65,45,66.2,1,4,6,1,9.1,0,0,0,0,,Matches,https://fbref.com/en/players/dc366c36/Tomas-Koubek,dc366c36,1,0,2,22.0,0.36,+2.0,+0.19,77,225,34.2,414,48,37.9,36.5,96,70.8,52.5,176,10,5.7,22,2.00,16.8,Bundesliga
16,Andrey Lunyov,ru RUS,GK,Leverkusen,30,1991,1,1,90,1.0,2,2.00,4,2,50.0,0,0,1,0,0.0,0,0,0,0,,Matches,https://fbref.com/en/players/8a6ab963/Andrey-Lunyov,8a6ab963,0,0,0,1.4,0.35,-0.6,-0.61,4,10,40.0,41,7,24.4,30.3,3,0.0,15.3,6,1,16.7,1,1.00,13.0,Bundesliga
17,Alexander Meyer,de GER,GK,Dortmund,31,1991,7,7,630,7.0,12,1.71,32,20,62.5,3,2,2,1,14.3,0,0,0,0,,Matches,https://fbref.com/en/players/b56dd813/Alexander-Meyer,b56dd813,0,2,0,7.9,0.25,-4.1,-0.58,24,60,40.0,278,35,16.2,27.3,44,34.1,35.0,91,8,8.8,18,2.57,19.8,Bundesliga
18,Florian Müller,de GER,GK,Stuttgart,24,1997,19,19,1710,19.0,34,1.79,87,53,62.1,3,7,9,1,5.3,1,1,0,0,0.0,Matches,https://fbref.com/en/players/cbac6ec9/Florian-Muller,cbac6ec9,2,3,0,27.2,0.30,-6.8,-0.36,98,212,46.2,599,98,26.9,29.2,133,38.3,36.6,260,6,2.3,28,1.47,18.9,Bundesliga
19,Manuel Neuer,de GER,GK,Bayern Munich,36,1986,12,12,1080,12.0,11,0.92,44,33,79.5,7,4,1,4,33.3,2,2,0,0,0.0,Matches,https://fbref.com/en/players/8778c910/Manuel-Neuer,8778c910,0,0,0,14.7,0.29,+3.7,+0.31,39,79,49.4,435,81,16.6,26.8,69,10.1,23.8,103,4,3.9,23,1.92,19.5,Bundesliga
20,Ørjan Nyland,no NOR,GK,RB Leipzig,31,1990,2,2,180,2.0,2,1.00,5,4,60.0,2,0,0,1,50.0,0,0,0,0,,Matches,https://fbref.com/en/players/bdedffac/Orjan-Nyland,bdedffac,0,1,1,1.8,0.36,+0.8,+0.39,11,33,33.3,83,9,32.5,33.6,15,40.0,36.7,28,0,0.0,0,0.00,12.5,Bundesliga
21,Jan Olschowsky,de GER,GK,M'Gladbach,20,2001,4,4,360,4.0,11,2.75,31,20,67.7,1,1,2,0,0.0,1,1,0,0,0.0,Matches,https://fbref.com/en/players/fa4cabd1/Jan-Olschowsky,fa4cabd1,0,1,0,11.4,0.39,+0.4,+0.09,11,37,29.7,123,25,28.5,30.5,36,5.6,20.9,59,6,10.2,4,1.00,12.9,Bundesliga
22,Jonas Omlin,ch SUI,GK,M'Gladbach,28,1994,15,15,1290,14.3,18,1.26,56,38,71.4,5,4,6,5,33.3,2,2,0,0,0.0,Matches,https://fbref.com/en/players/c631f952/Jonas-Omlin,c631f952,0,0,0,18.1,0.29,+0.1,0.00,57,177,32.2,638,74,22.3,28.7,100,35.0,35.3,220,15,6.8,20,1.40,14.8,Bundesliga
23,Jiří Pavlenka,cz CZE,GK,Werder Bremen,30,1992,33,33,2908,32.3,61,1.89,170,110,65.3,10,5,18,4,12.1,3,2,1,0,33.3,Matches,https://fbref.com/en/players/0a1cb833/Jiri-Pavlenka,0a1cb833,0,5,2,51.9,0.29,-7.1,-0.22,198,497,39.8,893,152,40.1,36.3,279,49.8,42.9,481,22,4.6,38,1.18,14.9,Bundesliga
24,Diant Ramaj,de GER,GK,Eint Frankfurt,20,2001,1,1,90,1.0,1,1.00,5,4,80.0,0,1,0,0,0.0,0,0,0,0,,Matches,https://fbref.com/en/players/b90c4a43/Diant-Ramaj,b90c4a43,0,1,0,1.0,0.20,0.0,+0.01,1,3,33.3,21,7,9.5,29.1,4,25.0,22.0,15,1,6.7,1,1.00,11.5,Bundesliga
25,Manuel Riemann,de GER,GK,Bochum,33,1988,34,34,3060,34.0,72,2.12,200,128,68.0,10,5,19,5,14.7,14,8,3,3,27.3,Matches,https://fbref.com/en/players/9f941969/Manuel-Riemann,9f941969,2,9,3,69.0,0.30,0.0,0.00,554,1175,47.1,1489,83,66.8,44.7,261,69.0,50.6,536,31,5.8,121,3.56,22.2,Bundesliga
26,Frederik Rønnow,dk DEN,GK,Union Berlin,29,1992,29,29,2610,29.0,27,0.93,119,92,81.5,16,7,6,11,37.9,5,5,0,0,0.0,Matches,https://fbref.com/en/players/a70b8345/Frederik-Ronnow,a70b8345,0,5,0,35.2,0.26,+8.2,+0.28,240,605,39.7,1115,109,44.6,36.5,163,66.3,49.4,434,43,9.9,29,1.00,13.5,Bundesliga
27,Marvin Schwäbe,de GER,GK,Köln,27,1995,34,34,3060,34.0,54,1.59,129,77,61.2,10,12,12,6,17.6,5,4,1,0,20.0,Matches,https://fbref.com/en/players/87436846/Marvin-Schwabe,87436846,4,4,3,42.3,0.30,-8.7,-0.26,154,404,38.1,1203,117,28.8,31.3,185,31.4,33.9,468,19,4.1,22,0.65,13.4,Bundesliga
28,Alexander Schwolow,de GER,GK,Schalke 04,30,1992,23,22,2035,22.6,58,2.57,138,80,60.9,4,4,14,2,9.1,4,4,0,0,0.0,Matches,https://fbref.com/en/players/0d55d942/Alexander-Schwolow,0d55d942,1,6,0,45.8,0.31,-12.2,-0.54,180,441,40.8,676,79,46.4,38.4,174,73.0,55.2,321,7,2.2,23,1.02,15.0,Bundesliga
29,Tobias Sippel,de GER,GK,M'Gladbach,34,1988,6,5,510,5.7,12,2.12,33,21,66.7,1,1,3,1,20.0,1,1,0,0,0.0,Matches,https://fbref.com/en/players/0d8a37c2/Tobias-Sippel,0d8a37c2,0,3,0,11.6,0.33,-0.4,-0.08,25,106,23.6,212,23,33.5,32.7,48,72.9,53.1,88,2,2.3,4,0.71,13.1,Bundesliga
30,Yann Sommer,ch SUI,GK,M'Gladbach,33,1988,10,10,900,10.0,14,1.40,60,47,80.0,4,4,2,3,30.0,2,2,0,0,0.0,Matches,https://fbref.com/en/players/420c18a1/Yann-Sommer,420c18a1,1,0,1,16.7,0.25,+3.7,+0.37,48,141,34.0,517,52,23.0,28.2,90,24.4,28.6,162,5,3.1,13,1.30,14.6,Bundesliga
31,Yann Sommer,ch SUI,GK,Bayern Munich,33,1988,19,19,1710,19.0,25,1.32,55,30,67.3,11,4,4,5,26.3,7,7,0,0,0.0,Matches,https://fbref.com/en/players/420c18a1/Yann-Sommer,420c18a1,1,1,0,23.7,0.32,-1.3,-0.07,48,118,40.7,651,83,14.6,25.1,98,23.5,28.7,212,12,5.7,27,1.42,16.7,Bundesliga
32,Kevin Trapp,de GER,GK,Eint Frankfurt,32,1990,33,33,2970,33.0,51,1.55,130,80,62.3,13,10,10,6,18.2,2,2,0,0,0.0,Matches,https://fbref.com/en/players/ce17b5eb/Kevin-Trapp,ce17b5eb,1,7,1,42.3,0.32,-7.7,-0.23,80,326,24.5,664,128,39.2,34.8,219,30.1,34.1,401,17,4.2,24,0.73,14.4,Bundesliga
33,Sven Ulreich,de GER,GK,Bayern Munich,33,1988,3,3,270,3.0,2,0.67,8,5,75.0,3,0,0,2,66.7,1,0,1,0,100.0,Matches,https://fbref.com/en/players/7d3e7da6/Sven-Ulreich,7d3e7da6,0,1,0,2.4,0.18,+0.4,+0.13,9,26,34.6,112,21,20.5,26.0,18,16.7,23.4,34,2,5.9,4,1.33,17.5,Bundesliga
34,Robin Zentner,de GER,GK,Mainz 05,27,1994,26,26,2340,26.0,39,1.50,109,69,67.0,9,8,9,7,26.9,5,3,1,1,25.0,Matches,https://fbref.com/en/players/5c4bf6ba/Robin-Zentner,5c4bf6ba,1,2,0,35.4,0.30,-3.6,-0.14,160,474,33.8,672,146,50.0,40.0,194,71.1,54.1,321,43,13.4,53,2.04,17.4,Bundesliga
35,Michael Zetterer,de GER,GK,Werder Bremen,27,1995,2,1,152,1.7,3,1.78,14,11,78.6,0,1,0,0,0.0,0,0,0,0,,Matches,https://fbref.com/en/players/9b688ae1/Michael-Zetterer,9b688ae1,0,1,0,3.2,0.24,+0.2,+0.11,16,33,48.5,49,13,51.0,41.6,12,66.7,50.3,15,3,20.0,4,2.37,16.5,Bundesliga
